Product ID,Product Name,Chinese Name,Image Link,Video Link,Price (RM),Category
"B207","108 FEET 8 COLOUR  108  Copyright Item","","https://media.bmfireworks.com/bearboom/images/cmf0tbnjs001ki904n40unv3a.png","https://media.bmfireworks.com/bearboom/videos/cmf0tbnjs001ki904n40unv3a.mp4","268","firecracker"
"B001","8 FEET - 500 BIJI (SUPER LOUD) (BOM)  - 500-","","https://media.bmfireworks.com/bearboom/images/cm4131kr800145kbkij9vdted.png","https://media.bmfireworks.com/bearboom/videos/cm4131kr800145kbkij9vdted.mp4","8","firecracker"
"B002","8 FEET 1.0 SUPER RED 1.0","","https://media.bmfireworks.com/bearboom/images/cm4131kyk00285kbkutnmfuna.png","https://media.bmfireworks.com/bearboom/videos/cm4131kyk00285kbkutnmfuna.mp4","18","firecracker"
"B003","8 FEET 1.0 SUPER ROSE 1.0","","https://media.bmfireworks.com/bearboom/images/cm4131lnx006k5kbkne7zs3rn.png","https://media.bmfireworks.com/bearboom/videos/cm4131lnx006k5kbkne7zs3rn.mp4","18","firecracker"
"B007","8 FEET 1.0 SUPER GOLD 1.0","","https://media.bmfireworks.com/bearboom/images/cm4131le2004w5kbk8q5tdx9w.png","https://media.bmfireworks.com/bearboom/videos/cm4131le2004w5kbk8q5tdx9w.mp4","20","firecracker"
"B081","12 FEET 1.2 SUPER GOLD  (1.2)","","https://media.bmfireworks.com/bearboom/images/cm4131kpv000w5kbkcbopersl.png","https://media.bmfireworks.com/bearboom/videos/cm4131kpv000w5kbkcbopersl.mp4","40","firecracker"
"B005","18 FEET 1.2 SUPER RED  18   (1.2)","","https://media.bmfireworks.com/bearboom/images/cm4131l09002k5kbkxldl1xys.png","https://media.bmfireworks.com/bearboom/videos/cm4131l09002k5kbkxldl1xys.mp4","45","firecracker"
"B004","18 FEET 1.2 SUPER ROSE 18  (1.2)","","https://media.bmfireworks.com/bearboom/images/cm4131kqk00105kbkdaaazj0c.png","https://media.bmfireworks.com/bearboom/videos/cm4131kqk00105kbkdaaazj0c.mp4","45","firecracker"
"B201","18 FEET 1.2 SUPER GOLD  18   (1.2)","","https://media.bmfireworks.com/bearboom/images/cm4131kpo000u5kbkhzylfk5i.png","https://media.bmfireworks.com/bearboom/videos/cm4131kpo000u5kbkhzylfk5i.mp4","50","firecracker"
"B082","28 FEET SUPER GOLD (GIFT BOX)   28","","https://media.bmfireworks.com/bearboom/images/cm4131l4w003e5kbkp0ebud2b.png","https://media.bmfireworks.com/bearboom/videos/cm4131l4w003e5kbkp0ebud2b.mp4","108","firecracker"
"B006R","38 FEET SUPER RED  38","","https://media.bmfireworks.com/bearboom/images/cm4131lxj00865kbk8yw3b5cq.png","","128","firecracker"
"B006P","38 FEET ROSE  38","","https://media.bmfireworks.com/bearboom/images/cm4131lf100505kbk7qhqqwpm.png","","128","firecracker"
"B006G","38 FEET GOLD  38","","https://media.bmfireworks.com/bearboom/images/cm4131lbo004g5kbkocdxg2cr.png","","138","firecracker"
"B008","88 FEET SUPER RED  88","","https://media.bmfireworks.com/bearboom/images/cm4131l1t002u5kbkb4n26rmy.png","","188","firecracker"
"B009","88 FEET SUPER ROSE  88","","https://media.bmfireworks.com/bearboom/images/cm4131kso001a5kbkw8b6cs14.png","","188","firecracker"
"B202","88 FEET SUPER GOLD  88","","https://media.bmfireworks.com/bearboom/images/cm4131l2v00305kbkcdgr9hrr.png","","208","firecracker"
"B203","88 FEET MIX (SUPER RED + ROSE)  88","","https://media.bmfireworks.com/bearboom/images/cm4131l9y00485kbkns4zdlls.png","https://media.bmfireworks.com/bearboom/videos/cm4131l9y00485kbkns4zdlls.mp4","188","firecracker"
"B885","88 FEET 5 COLOR  88","","https://media.bmfireworks.com/bearboom/images/cm4131l9900445kbk1jidft6q.png","https://media.bmfireworks.com/bearboom/videos/cm4131l9900445kbk1jidft6q.mp4","228","firecracker"
"B204","108 FEET SUPER RED  108","","https://media.bmfireworks.com/bearboom/images/cm4131ltk007i5kbknufhcdc6.png","","228","firecracker"
"B205","108 FEET SUPER ROSE  108","","https://media.bmfireworks.com/bearboom/images/cm4131lnf006g5kbkkoaxwfr4.png","","228","firecracker"
"B208","108 FEET SUPER GOLD  108","","https://media.bmfireworks.com/bearboom/images/cm4131l6q003o5kbkelbimf8e.png","","258","firecracker"
"B011","108 FEET MIX (SUPER RED + ROSE)  108","","https://media.bmfireworks.com/bearboom/images/cm4131lf400525kbk9c2o0at9.png","","228","firecracker"
"B085","138 FEET (RED/ROSE RANDOM)  138/ - )","","https://media.bmfireworks.com/bearboom/images/cm4131l4n003a5kbk311x135x.png","","298","firecracker"
"B084","8 FEET (SUPER LOUD) (BOM)  -","","https://media.bmfireworks.com/bearboom/images/cmjvu5gyz001alb04a1j6r67c.png","https://media.bmfireworks.com/bearboom/videos/cmjvu5gyz001alb04a1j6r67c.mp4","7","firecracker"
"B083","168 FEET MIX (SUPER RED & PURPLE)  168+ (1PCS)","","https://media.bmfireworks.com/bearboom/images/cm4131kt0001g5kbkod15qw8e.png","","350","firecracker"
"B032","POP POP","","https://media.bmfireworks.com/bearboom/images/cm4131ko7000k5kbkwl12wyxf.png","https://media.bmfireworks.com/bearboom/videos/cm4131ko7000k5kbkwl12wyxf.mp4","32","pop-pop"
"B032B","POP POP BOTTLE","","https://media.bmfireworks.com/bearboom/images/cmf10sh820004lc04wrstqcs4.png","https://media.bmfireworks.com/bearboom/videos/cmf10sh820004lc04wrstqcs4.mp4","32","pop-pop"
"B033","POP POP BESAR","","https://media.bmfireworks.com/bearboom/images/cm4131l0v002q5kbkxb9wmr72.png","https://media.bmfireworks.com/bearboom/videos/cm4131l0v002q5kbkxb9wmr72.mp4","48","pop-pop"
"B104","MANCIS POP POP","","https://media.bmfireworks.com/bearboom/images/cm4131lpc006s5kbk0bck5c6g.png","https://media.bmfireworks.com/bearboom/videos/cm4131lpc006s5kbk0bck5c6g.mp4","38","pop-pop"
"B014","SUNSET KECIL LIMA WARNA(NEW UPGRADE) ()","","https://media.bmfireworks.com/bearboom/images/B014_31.png","https://media.bmfireworks.com/bearboom/videos/B014_31.mp4","12","handheld"
"B015","SUNSET BESAR LIMA WARNA (NEW UPGRADE) ()","","https://media.bmfireworks.com/bearboom/images/B015_32.png","https://media.bmfireworks.com/bearboom/videos/B015_32.mp4","18","handheld"
"B016","ASAP COLOR","","https://media.bmfireworks.com/bearboom/images/B016_33.png","https://media.bmfireworks.com/bearboom/videos/B016_33.mp4","8","handheld"
"B017","ASAP","","https://media.bmfireworks.com/bearboom/images/B017_34.png","https://media.bmfireworks.com/bearboom/videos/B017_34.mp4","10","handheld"
"B064","SUNSET 4 COLOR","","https://media.bmfireworks.com/bearboom/images/B064_35.png","https://media.bmfireworks.com/bearboom/videos/B064_35.mp4","20","handheld"
"B018","7 INCH BESI 7","","https://media.bmfireworks.com/bearboom/images/B018_36.png","https://media.bmfireworks.com/bearboom/videos/B018_36.mp4","28","handheld"
"B019","14 INCH BESI 14","","https://media.bmfireworks.com/bearboom/images/B019_37.png","https://media.bmfireworks.com/bearboom/videos/B019_37.mp4","25","handheld"
"B020","18 INCH BESI 18","","https://media.bmfireworks.com/bearboom/images/B020_38.png","https://media.bmfireworks.com/bearboom/videos/B020_38.mp4","25","handheld"
"B068","MAGIC STICK (1 MINUTE)","","https://media.bmfireworks.com/bearboom/images/B068_39.png","https://media.bmfireworks.com/bearboom/videos/B068_39.mp4","58","handheld"
"B108","WATER  FALL SUNSET","","https://media.bmfireworks.com/bearboom/images/B108_40.png","https://media.bmfireworks.com/bearboom/videos/B108_40.mp4","12","handheld"
"B109","DRAGON WAND","","https://media.bmfireworks.com/bearboom/images/B109_41.png","https://media.bmfireworks.com/bearboom/videos/B109_41.mp4","18","handheld"
"B110","KIPAS FOUNTAIN","","https://media.bmfireworks.com/bearboom/images/B110_42.png","https://media.bmfireworks.com/bearboom/videos/B110_42.mp4","78","handheld"
"B111","MAGIC FOUNTAIN","","https://media.bmfireworks.com/bearboom/images/B111_43.png","https://media.bmfireworks.com/bearboom/videos/B111_43.mp4","48","handheld"
"B040B","SPECIAL 15 KALI MAGIC - BOX 15-","","https://media.bmfireworks.com/bearboom/images/B040B_44.png","","12","magic-stick"
"B043B","SPECIAL 10 KALI PILI RAIN - BOX 10-","","https://media.bmfireworks.com/bearboom/images/B043B_45.png","","18","magic-stick"
"B037","240 SHOT MACHINE GUN 240","","https://media.bmfireworks.com/bearboom/images/B037_46.png","https://media.bmfireworks.com/bearboom/videos/B037_46.mp4","25","magic-stick"
"B041","20 KALI MAGIC 20","","https://media.bmfireworks.com/bearboom/images/B041_47.png","https://media.bmfireworks.com/bearboom/videos/B041_47.mp4","15","magic-stick"
"B042B","SPECIAL 30 KALI MAGIC - BOX 30-","","https://media.bmfireworks.com/bearboom/images/B042B_48.png","","18","magic-stick"
"B079","388 SHOT MACHINE GUN 388","","https://media.bmfireworks.com/bearboom/images/B079_49.png","https://media.bmfireworks.com/bearboom/videos/B079_49.mp4","40","magic-stick"
"B039","888 SHOT MACHINE GUN 888","","https://media.bmfireworks.com/bearboom/images/B039_50.png","https://media.bmfireworks.com/bearboom/videos/B039_50.mp4","68","magic-stick"
"B107","BLUE OCEAN MACHINE GUN","","https://media.bmfireworks.com/bearboom/images/B107_51.png","https://media.bmfireworks.com/bearboom/videos/B107_51.mp4","78","magic-stick"
"B070","1688 GOLDEN WATERFALL MACHINE GUN","","https://media.bmfireworks.com/bearboom/images/B070_52.png","https://media.bmfireworks.com/bearboom/videos/B070_52.mp4","88","magic-stick"
"B021","SMOKE 5 COLOR","","https://media.bmfireworks.com/bearboom/images/B021_53.png","https://media.bmfireworks.com/bearboom/videos/B021_53.mp4","20","fountain"
"B023","POKOK RAYA (FA CAI SHU)","","https://media.bmfireworks.com/bearboom/images/B023_54.png","https://media.bmfireworks.com/bearboom/videos/B023_54.mp4","10","fountain"
"B024","POKOK RAYA BESAR (BIG FA CAI SHU 2.0) 2.0","","https://media.bmfireworks.com/bearboom/images/B024_55.png","https://media.bmfireworks.com/bearboom/videos/B024_55.mp4","25","fountain"
"B025","MINI ICE CREAM","","https://media.bmfireworks.com/bearboom/images/B025_56.png","https://media.bmfireworks.com/bearboom/videos/B025_56.mp4","10","fountain"
"B026","7"" ICE CREAM 7","","https://media.bmfireworks.com/bearboom/images/B026_57.png","https://media.bmfireworks.com/bearboom/videos/B026_57.mp4","45","fountain"
"B076","PEACOCK (TIGA)","","https://media.bmfireworks.com/bearboom/images/B076_58.png","https://media.bmfireworks.com/bearboom/videos/B076_58.mp4","23","fountain"
"B075","PEACOCK (LIMA)","","https://media.bmfireworks.com/bearboom/images/B075_59.png","https://media.bmfireworks.com/bearboom/videos/B075_59.mp4","28","fountain"
"B073","TIGA SEGI FOUNTAIN","","https://media.bmfireworks.com/bearboom/images/B073_60.png","https://media.bmfireworks.com/bearboom/videos/B073_60.mp4","18","fountain"
"B112","TIGA SEGI FOUNTAIN BESAR","","https://media.bmfireworks.com/bearboom/images/B112_61.png","https://media.bmfireworks.com/bearboom/videos/B112_61.mp4","78","fountain"
"B095","12 PATTEN 160 SAAT FOUNTAIN - TT12160","","https://media.bmfireworks.com/bearboom/images/B095_62.png","https://media.bmfireworks.com/bearboom/videos/B095_62.mp4","45","fountain"
"B113","COLORFUL FOUNTAIN BOX (210 SAAT)","","https://media.bmfireworks.com/bearboom/images/B113_63.png","https://media.bmfireworks.com/bearboom/videos/B113_63.mp4","45","fountain"
"B114","SURPRISE FOUNTAIN","","https://media.bmfireworks.com/bearboom/images/B114_64.png","https://media.bmfireworks.com/bearboom/videos/B114_64.mp4","168","fountain"
"B115","HAPPY GO LUCKY","","https://media.bmfireworks.com/bearboom/images/B115_65.png","https://media.bmfireworks.com/bearboom/videos/B115_65.mp4","250","fountain"
"B116","GOLDEN HARMONY","","https://media.bmfireworks.com/bearboom/images/B116_66.png","https://media.bmfireworks.com/bearboom/videos/B116_66.mp4","128","fountain"
"B117","TAYCAN SPARKLE","","https://media.bmfireworks.com/bearboom/images/B117_67.png","https://media.bmfireworks.com/bearboom/videos/B117_67.mp4","68","fountain"
"B118","HEXA BLAZA FOUNTAIN","","https://media.bmfireworks.com/bearboom/images/B118_68.png","https://media.bmfireworks.com/bearboom/videos/B118_68.mp4","68","fountain"
"B119","GOLDEN FLAME FOUNTAIN","","https://media.bmfireworks.com/bearboom/images/B119_69.png","https://media.bmfireworks.com/bearboom/videos/B119_69.mp4","35","fountain"
"B120","BIG GOLDEN FLAME FOUNTAIN","","https://media.bmfireworks.com/bearboom/images/B120_70.png","https://media.bmfireworks.com/bearboom/videos/B120_70.mp4","78","fountain"
"B121","KING OF GOLDEN MOUNTAIN","","https://media.bmfireworks.com/bearboom/images/B121_71.png","https://media.bmfireworks.com/bearboom/videos/B121_71.mp4","48","fountain"
"B122","MONEY GOD FOUNTAIN (SMALL)","","https://media.bmfireworks.com/bearboom/images/B122_72.png","https://media.bmfireworks.com/bearboom/videos/B122_72.mp4","48","fountain"
"B123","MONEY GOD FOUNTAIN (BIG)","","https://media.bmfireworks.com/bearboom/images/B123_73.png","https://media.bmfireworks.com/bearboom/videos/B123_73.mp4","48","fountain"
"B130","PEARL FOUNTAIN","","https://media.bmfireworks.com/bearboom/images/B130_74.png","","15","fountain"
"B091","13"" ICE CREAM(15"" EFFECT) 13(15)","","https://media.bmfireworks.com/bearboom/images/B091_75.png","","88","fountain"
"B105","ROMANTIC FOUNTAIN (FOUNTAIN V FIREWORKS)   (+","","https://media.bmfireworks.com/bearboom/images/B105_76.png","https://media.bmfireworks.com/bearboom/videos/B105_76.mp4","38","fountain-fireworks"
"B106","VOLCANO FIREWORKS (FOUNTAIN V FIREWORKS) +1","","https://media.bmfireworks.com/bearboom/images/B106_77.png","https://media.bmfireworks.com/bearboom/videos/B106_77.mp4","178","fountain-fireworks"
"B052","BIG BUTTERFLY","","https://media.bmfireworks.com/bearboom/images/B052_78.png","https://media.bmfireworks.com/bearboom/videos/B052_78.mp4","18","skyshow"
"B048","50 SHOT TIKUS 50","","https://media.bmfireworks.com/bearboom/images/B048_79.png","https://media.bmfireworks.com/bearboom/videos/B048_79.mp4","18","skyshow"
"B049","100 SHOT TIKUS 100","","https://media.bmfireworks.com/bearboom/images/B049_80.png","https://media.bmfireworks.com/bearboom/videos/B049_80.mp4","18","skyshow"
"B071","100 SHOOT FLYING DRAGON 100","","https://media.bmfireworks.com/bearboom/images/B071_81.png","https://media.bmfireworks.com/bearboom/videos/B071_81.mp4","22","skyshow"
"B065","JELLY FISH (LINK)","","https://media.bmfireworks.com/bearboom/images/B065_82.png","https://media.bmfireworks.com/bearboom/videos/B065_82.mp4","45","skyshow"
"B088","JELLY FISH (SINGLE)","","https://media.bmfireworks.com/bearboom/images/B088_83.png","https://media.bmfireworks.com/bearboom/videos/B088_83.mp4","25","skyshow"
"B050","BEE  3box per set","","https://media.bmfireworks.com/bearboom/images/B050_84.png","https://media.bmfireworks.com/bearboom/videos/B050_84.mp4","10","skyshow"
"B089","EXPLOSIVE GOLD ROCKET(WOLF)  ()","","https://media.bmfireworks.com/bearboom/images/B089_85.png","https://media.bmfireworks.com/bearboom/videos/B089_85.mp4","48","rocket"
"B044","THUNDER CLAP","","https://media.bmfireworks.com/bearboom/images/B044_86.png","https://media.bmfireworks.com/bearboom/videos/B044_86.mp4","25","rocket"
"B045","THUNDER CLAP BESAR","","https://media.bmfireworks.com/bearboom/images/B045_87.png","https://media.bmfireworks.com/bearboom/videos/B045_87.mp4","35","rocket"
"B046","ROCKET (1.0"" + 1.2"")   (1.0"" + 1.2"")","","https://media.bmfireworks.com/bearboom/images/B046_88.png","https://media.bmfireworks.com/bearboom/videos/B046_88.mp4","48","rocket"
"B047","MOON TRAVEL","","https://media.bmfireworks.com/bearboom/images/B047_89.png","https://media.bmfireworks.com/bearboom/videos/B047_89.mp4","25","rocket"
"B029","MANCIS","","https://media.bmfireworks.com/bearboom/images/cm4131kol000q5kbksohalprv.png","https://media.bmfireworks.com/bearboom/videos/cm4131kol000q5kbksohalprv.mp4","15","snap-pops"
"B292","DOUBLE SHOOT MANCIS","","https://media.bmfireworks.com/bearboom/images/cmjpn590q0009jp04s4bfdnw8.png","","25","snap-pops"
"B293","BLUE SMOKE MANCIS","","https://media.bmfireworks.com/bearboom/images/cmf10djfd003sig04i5qu19dl.png","https://media.bmfireworks.com/bearboom/videos/cmf10djfd003sig04i5qu19dl.mp4","25","snap-pops"
"B100","DRAGON SCALE BOOM","","https://media.bmfireworks.com/bearboom/images/cmjpnlnft001ykv04zencxtgx.png","","20","snap-pops"
"B034","CILI PADI","","https://media.bmfireworks.com/bearboom/images/B034_94.png","https://media.bmfireworks.com/bearboom/videos/B034_94.mp4","10","pili-cracker"
"B035","DRAGON EGG","","https://media.bmfireworks.com/bearboom/images/B035_95.png","https://media.bmfireworks.com/bearboom/videos/B035_95.mp4","10","pili-cracker"
"B036","DRAGON EGG BESAR","","https://media.bmfireworks.com/bearboom/images/B036_96.png","https://media.bmfireworks.com/bearboom/videos/B036_96.mp4","18","pili-cracker"
"B137","3 METER MAGIC","","https://media.bmfireworks.com/bearboom/images/B137_97.png","https://media.bmfireworks.com/bearboom/videos/B137_97.mp4","25","pili-cracker"
"B038","NAGA 3 MINUTE","","https://media.bmfireworks.com/bearboom/images/B038_98.png","https://media.bmfireworks.com/bearboom/videos/B038_98.mp4","10","pili-cracker"
"B090","NAGA 3 MINUTE BESAR","","https://media.bmfireworks.com/bearboom/images/B090_99.png","https://media.bmfireworks.com/bearboom/videos/B090_99.mp4","25","pili-cracker"
"B030","GASING  (30PCS)","","https://media.bmfireworks.com/bearboom/images/B030_100.png","https://media.bmfireworks.com/bearboom/videos/B030_100.mp4","10","spinner"
"B031","LOTUS","","https://media.bmfireworks.com/bearboom/images/B031_101.png","https://media.bmfireworks.com/bearboom/videos/B031_101.mp4","20","spinner"
"B028","CAMELLIA FLOWER","","https://media.bmfireworks.com/bearboom/images/B028_102.png","https://media.bmfireworks.com/bearboom/videos/B028_102.mp4","18","spinner"
"B022","THUNDER KING","","https://media.bmfireworks.com/bearboom/images/B022_103.png","https://media.bmfireworks.com/bearboom/videos/B022_103.mp4","12","single-fireworks"
"B012","BANANA KECIL  (0.8)","","https://media.bmfireworks.com/bearboom/images/B012_104.png","https://media.bmfireworks.com/bearboom/videos/B012_104.mp4","12","single-fireworks"
"B099","BANANA BESAR (1.2)  (1.2)","","https://media.bmfireworks.com/bearboom/images/B099_105.png","https://media.bmfireworks.com/bearboom/videos/B099_105.mp4","45","single-fireworks"
"B013","DOUBLE SHOOT BANANA BESAR (1.75)  (1.75)","","https://media.bmfireworks.com/bearboom/images/B013_106.png","https://media.bmfireworks.com/bearboom/videos/B013_106.mp4","55","single-fireworks"
"B175","DRAGON BALL (1.75) 1.75","","https://media.bmfireworks.com/bearboom/images/B175_107.png","https://media.bmfireworks.com/bearboom/videos/B175_107.mp4","48","single-fireworks"
"B061","18 SHOOT ROMA CANDLE (0.8)  (0.8)","","https://media.bmfireworks.com/bearboom/images/B061_108.png","https://media.bmfireworks.com/bearboom/videos/B061_108.mp4","28","single-fireworks"
"B126","WOLF HOWL BANANA","","","","45","single-fireworks"
"B124","1(BIG) THUNDER DOUBLE BANG","","https://media.bmfireworks.com/bearboom/images/B124_110.png","https://media.bmfireworks.com/bearboom/videos/B124_110.mp4","16","single-fireworks"
"B125","1(BIG) FLOWER DOUBLE BANG","","https://media.bmfireworks.com/bearboom/images/B125_111.png","https://media.bmfireworks.com/bearboom/videos/B125_111.mp4","20","single-fireworks"
"B097","11 SHOOT 4 BUNGA BANANA","","https://media.bmfireworks.com/bearboom/images/B097_112.png","","98","single-fireworks"
"B158","18 SHOOT ROMA CANDLE (1.5)  (1.5)","","https://media.bmfireworks.com/bearboom/images/B158_113.png","","58","single-fireworks"
"B054","4"" 25 SHOOT CAKE 425","","https://media.bmfireworks.com/bearboom/images/B054_114.png","https://media.bmfireworks.com/bearboom/videos/B054_114.mp4","20","mold-fireworks"
"B055","4"" 36 SHOOT CAKE 436","","https://media.bmfireworks.com/bearboom/images/B055_115.png","https://media.bmfireworks.com/bearboom/videos/B055_115.mp4","28","mold-fireworks"
"B056","4"" 49 SHOOT CAKE 449","","https://media.bmfireworks.com/bearboom/images/B056_116.png","https://media.bmfireworks.com/bearboom/videos/B056_116.mp4","40","mold-fireworks"
"B057","4"" 138 SHOOT CAKE  4138 B401","","https://media.bmfireworks.com/bearboom/images/B057_117.png","https://media.bmfireworks.com/bearboom/videos/B057_117.mp4","88","mold-fireworks"
"B058","4"" 138 SHOOT CAKE (FULL GOLD) 4138 -","","https://media.bmfireworks.com/bearboom/images/B058_118.png","https://media.bmfireworks.com/bearboom/videos/B058_118.mp4","128","mold-fireworks"
"B404","4"" 25 SHOOT CAKE THUNDERIUM 425 -","","https://media.bmfireworks.com/bearboom/images/B404_119.png","","25","mold-fireworks"
"B401","4""138 SHOOT CAKE - GALAXY PREMIUM 1ABCD","","https://media.bmfireworks.com/bearboom/images/cm4131l9100425kbknfqt6rbw.png","https://media.bmfireworks.com/bearboom/videos/cm4131l9100425kbknfqt6rbw.mp4","138","papertube-fireworks"
"B402","4""49 SHOOT CAKE - GALAXY PREMIUM","","https://media.bmfireworks.com/bearboom/images/cmf7xqv37002qlb04qvko1u89.png","https://media.bmfireworks.com/bearboom/videos/cmf7xqv37002qlb04qvko1u89.mp4","50","papertube-fireworks"
"B053","4"" 16 SHOOT CAKE 416","","https://media.bmfireworks.com/bearboom/images/cmf7xxbg70081li04vejzkgyd.png","https://media.bmfireworks.com/bearboom/videos/cmf7xxbg70081li04vejzkgyd.mp4","16","papertube-fireworks"
"B927","9""138 SHOOT CAKE - THUNDER TIGER(1.2)9138 (1.2)","","https://media.bmfireworks.com/bearboom/images/B927_123.png","","628","award-winning"
"B933","9""138 SHOOT CAKE - FLOWER WORLD(1.2)9138 (1.2)","","https://media.bmfireworks.com/bearboom/images/B933_124.png","","650","award-winning"
"B1004","9""138 SHOOT CAKE - SEA BLAST TRIPLE SET(1.2)9138","","https://media.bmfireworks.com/bearboom/images/B1004_125.png","","530","award-winning"
"B925","9""138 SHOOT CAKE - WINNER 2.09138 2.0 LIMITED EDITION","","https://media.bmfireworks.com/bearboom/images/B925_126.png","","650","winning-series"
"B926","9""138 SHOOT CAKE - WEN YING PU PEI9138 - LIMITED EDITION","","https://media.bmfireworks.com/bearboom/images/B926_127.png","","650","winning-series"
"B942","9""138 SHOOT CAKE - SENTOSA NIGHT 9138 -","","https://media.bmfireworks.com/bearboom/images/B942_128.png","","530","winning-series"
"B1002","10""138 SHOOT CAKE - SURE WIN 10""138 -","","https://media.bmfireworks.com/bearboom/images/B1002_129.png","https://media.bmfireworks.com/bearboom/videos/B1002_129.mp4","475","winning-series"
"B1103","11""138 SHOOT CAKE - FULL OF MONEY 11""138 -","","https://media.bmfireworks.com/bearboom/images/B1103_130.png","https://media.bmfireworks.com/bearboom/videos/B1103_130.mp4","680","winning-series"
"B917A","9""138 SHOOT CAKE - MONEY GOD EAST 9138  -","","https://media.bmfireworks.com/bearboom/images/B917A_131.png","https://media.bmfireworks.com/bearboom/videos/B917A_131.mp4","520","money-god-series"
"B917B","9""138 SHOOT CAKE - MONEY GOD SOUTH 9138  -","","https://media.bmfireworks.com/bearboom/images/B917B_132.png","https://media.bmfireworks.com/bearboom/videos/B917B_132.mp4","520","money-god-series"
"B917C","9""138 SHOOT CAKE - MONEY GOD WEST 9138  -","","https://media.bmfireworks.com/bearboom/images/B917C_133.png","https://media.bmfireworks.com/bearboom/videos/B917C_133.mp4","520","money-god-series"
"B917D","9""138 SHOOT CAKE - MONEY GOD NORTH 9138  -","","https://media.bmfireworks.com/bearboom/images/B917D_134.png","https://media.bmfireworks.com/bearboom/videos/B917D_134.mp4","520","money-god-series"
"B917","9""552 SHOOT CAKE  GOD FOR WEALTH (STRAIGHT + V SHAPE) 9552","","https://media.bmfireworks.com/bearboom/images/B917_135.png","https://media.bmfireworks.com/bearboom/videos/B917_135.mp4","1988","money-god-series"
"B930","9""138 SHOOT CAKE - TEDDY BOY I  9138  -","","https://media.bmfireworks.com/bearboom/images/B930_136.png","","520","teddy-boy-series"
"B931","9""138 SHOOT CAKE - TEDDY BOY II 9138  -","","https://media.bmfireworks.com/bearboom/images/B931_137.png","","520","teddy-boy-series"
"B932","9""138 SHOOT CAKE - TEDDY BOY III 9138  -","","https://media.bmfireworks.com/bearboom/images/B932_138.png","","520","teddy-boy-series"
"B908","9""138 SHOOT CAKE - STAR OF OCEAN 9""138 -","","https://media.bmfireworks.com/bearboom/images/B908_139.png","https://media.bmfireworks.com/bearboom/videos/B908_139.mp4","580","single-color-series"
"B909","9""138 SHOOT CAKE - JING BI HUI HUANG 9""138 -","","https://media.bmfireworks.com/bearboom/images/B909_140.png","","520","single-color-series"
"B922","9""138 SHOOT CAKE - GOLDEN DREAM 9""138 -","","https://media.bmfireworks.com/bearboom/images/B922_141.png","https://media.bmfireworks.com/bearboom/videos/B922_141.mp4","600","single-color-series"
"B924","9""138 SHOOT CAKE - SWEET GALAXY 9""138 -","","https://media.bmfireworks.com/bearboom/images/B924_142.png","","688","single-color-series"
"B929","9""138 SHOOT CAKE - GRANDWING 9""138 -","","https://media.bmfireworks.com/bearboom/images/B929_143.png","","600","single-color-series"
"B938","9""138 SHOOT CAKE - GOLD AGE 9""138 -","","https://media.bmfireworks.com/bearboom/images/B938_144.png","","600","single-color-series"
"B939","9""138 SHOOT CAKE -SKY STEP 9""138 -","","https://media.bmfireworks.com/bearboom/images/B939_145.png","","600","single-color-series"
"B946","9""138 SHOOT CAKE -AO BINGLIMITED EDITION 9""138 -","","https://media.bmfireworks.com/bearboom/images/B946_146.png","","688","single-color-series"
"B900","9""138 SHOOT CAKE -DAY LIGHT BLAZE9""138 -","","https://media.bmfireworks.com/bearboom/images/cmjmvulho0011l204w4j73zqd.png","","680","sunlight-firework"
"B836","8""036 SHOOT SOUND KING 8""36  - ·","","https://media.bmfireworks.com/bearboom/images/B836_148.png","https://media.bmfireworks.com/bearboom/videos/B836_148.mp4","168","wolf-series"
"B919","9""49 SHOOT CAKE - UPROAR IN HEAVEN 9""49","","https://media.bmfireworks.com/bearboom/images/B919_149.png","https://media.bmfireworks.com/bearboom/videos/B919_149.mp4","188","wolf-series"
"B920","9""138 SHOOT CAKE - WU KONG 9""138","","https://media.bmfireworks.com/bearboom/images/B920_150.png","https://media.bmfireworks.com/bearboom/videos/B920_150.mp4","480","wolf-series"
"B102","5""138 SHOOT CAKE (V-SHAPE SINGLE A,B,C,D)  5138 ()","","https://media.bmfireworks.com/bearboom/images/B102_151.png","https://media.bmfireworks.com/bearboom/videos/B102_151.mp4","238","5inch-series"
"B103","5""138 SHOOT CAKE  (SINGLE A,B,C,D) 5138","","https://media.bmfireworks.com/bearboom/images/B103_152.png","https://media.bmfireworks.com/bearboom/videos/B103_152.mp4","228","5inch-series"
"B512","5""138 SHOOT CAKE - ROAM TEH WORLD 5""138 -","","https://media.bmfireworks.com/bearboom/images/B512_153.png","","238","5inch-series"
"B080","5""138 SHOOT CAKE (A,B,C) LINK FIREWORKS -  (1 pcs random)","","https://media.bmfireworks.com/bearboom/images/B080_154.png","https://media.bmfireworks.com/bearboom/videos/B080_154.mp4","188","5inch-series"
"B501","5""414 SHOOT CAKE RULE THE UNIVERSE 2.0 5""414 - 2.0","","https://media.bmfireworks.com/bearboom/images/B501_155.png","","688","5inch-series"
"B502","5""414 SHOOT CAKE THOR (V SHAPE) 5""414 -","","https://media.bmfireworks.com/bearboom/images/B502_156.png","https://media.bmfireworks.com/bearboom/videos/B502_156.mp4","688","5inch-series"
"B503","5""414 SHOOT CAKE  THANOS (V SHAPE) 5""414 - 3","","https://media.bmfireworks.com/bearboom/images/B503_157.png","https://media.bmfireworks.com/bearboom/videos/B503_157.mp4","688","5inch-series"
"B504","5""552 SHOOT CAKE  FOUR SYMBOLS MINI  (V SHAPE) 5""552 - 4","","https://media.bmfireworks.com/bearboom/images/B504_158.png","https://media.bmfireworks.com/bearboom/videos/B504_158.mp4","788","5inch-series"
"B505","5""552 SHOOT CAKE XIONG HE XIN XI (STRAIGHT + V SHAPE) 5""552 -  4","","https://media.bmfireworks.com/bearboom/images/B505_159.png","","788","5inch-series"
"B506","5""552 SHOOT CAKE  FU SHOU AN KANG (V SHAPE) 5""552 -  4","","https://media.bmfireworks.com/bearboom/images/B506_160.png","https://media.bmfireworks.com/bearboom/videos/B506_160.mp4","788","5inch-series"
"B507","5""552 SHOOT CAKE  HENG CAI JIU SHOU (V SHAPE) 5""552 -  4","","https://media.bmfireworks.com/bearboom/images/B507_161.png","","788","5inch-series"
"B508","5""552 SHOOT CAKE  YOU QIU BI YING (V SHAPE) 5""552 -  4","","https://media.bmfireworks.com/bearboom/images/B508_162.png","","788","5inch-series"
"B509","5""138 SHOOT CAKE VVIP 2.0","","https://media.bmfireworks.com/bearboom/images/B509_163.png","","588","5inch-series"
"B510","5""552 SHOOT CAKE  THUNDER BIRD (V SHAPE) 5""552 -  4 (Copy)","","https://media.bmfireworks.com/bearboom/images/B510_164.png","","788","5inch-series"
"B059","5""414 SHOOT CAKE SPRING (A,B,C)  (STRAIGHT + V SHAPE) B5138A  -  3","","https://media.bmfireworks.com/bearboom/images/B059_165.png","https://media.bmfireworks.com/bearboom/videos/B059_165.mp4","588","5inch-series"
"B060","5""414 SHOOT CAKE - SUMMER (A,B,C)  (STRAIGHT + V SHAPE) BB5138 B  -  (3","","https://media.bmfireworks.com/bearboom/images/B060_166.png","https://media.bmfireworks.com/bearboom/videos/B060_166.mp4","588","5inch-series"
"B062","5'138 SHOOT CAKE - AUTUMN  (A,B,C)  (V SHAPE) BB5138 C  -   (3","","https://media.bmfireworks.com/bearboom/images/B062_167.png","https://media.bmfireworks.com/bearboom/videos/B062_167.mp4","588","5inch-series"
"B063","5'138 SHOOT CAKE - WINTER (A,B,C)  (V SHAPE) BB5138 D  -","","https://media.bmfireworks.com/bearboom/images/B063_168.png","https://media.bmfireworks.com/bearboom/videos/B063_168.mp4","588","5inch-series"
"B601","6""414 SHOOT CAKE  I AM THE ONLY ONE (V SHAPE) 6""414 -","","https://media.bmfireworks.com/bearboom/images/B601_169.png","https://media.bmfireworks.com/bearboom/videos/B601_169.mp4","728","6inch-series"
"B701","7""276 SHOOT  MILAN NIGHT (STRAIGHT + V SHAPE) 7""276 -","","https://media.bmfireworks.com/bearboom/images/B701_170.png","https://media.bmfireworks.com/bearboom/videos/B701_170.mp4","688","7inch-series"
"B702","7”414 SHOOT CAKE HENG ONG HUAT 7414","","https://media.bmfireworks.com/bearboom/images/B702_171.png","https://media.bmfireworks.com/bearboom/videos/B702_171.mp4","860","7inch-series"
"B704","7""276 SHOOT  KING OF KINGS (STRAIGHT + V SHAPE) 7""276 -","","https://media.bmfireworks.com/bearboom/images/B704_172.png","","728","7inch-series"
"B801","8""138 SHOOT CAKE - BM SIGNATURE 8""138 -","","https://media.bmfireworks.com/bearboom/images/B801_174.png","https://media.bmfireworks.com/bearboom/videos/B801_174.mp4","428","8inch-series"
"B902","9""138 SHOOT CAKE XIN XIANG SHI CHENG 9""138  -","","https://media.bmfireworks.com/bearboom/images/B902_175.png","https://media.bmfireworks.com/bearboom/videos/B902_175.mp4","488","9inch-above-series"
"B903","9""138 SHOOT CAKE  HUANG JIN MAN WU 9""138  -","","https://media.bmfireworks.com/bearboom/images/B903_176.png","https://media.bmfireworks.com/bearboom/videos/B903_176.mp4","488","9inch-above-series"
"B921","9""138 SHOOT ROUND CAKE HEAVEN OFFICIALS 9138 -","","https://media.bmfireworks.com/bearboom/images/B921_177.png","https://media.bmfireworks.com/bearboom/videos/B921_177.mp4","580","9inch-above-series"
"B911","HorseYear Limited Edition9""138 SHOOT CAKE GET RICH SOON 9138 -","","https://media.bmfireworks.com/bearboom/images/B911_178.png","","620","9inch-above-series"
"B928","9""138 SHOOT CAKE - THE STARRY NIGHT 9138","","https://media.bmfireworks.com/bearboom/images/B928_179.png","","550","9inch-above-series"
"B934","9""138 SHOOT CAKE - SUN MOON STAR 9138","","https://media.bmfireworks.com/bearboom/images/B934_180.png","","530","9inch-above-series"
"B935","9""138 SHOOT CAKE - WINTER MOON 9138","","https://media.bmfireworks.com/bearboom/images/B935_181.png","","530","9inch-above-series"
"B914","9""276 SHOOT CAKE - DOUBLE HAPPNIESS (STRAIGHT + V SHAPE) 9276 -","","https://media.bmfireworks.com/bearboom/images/B914_182.png","https://media.bmfireworks.com/bearboom/videos/B914_182.mp4","1080","9inch-above-series"
"B915","9“276 SHOOT CAKE - GOLDEN WIN (V SHAPE, GOLD) 9276","","https://media.bmfireworks.com/bearboom/images/B915_183.png","https://media.bmfireworks.com/bearboom/videos/B915_183.mp4","1288","9inch-above-series"
"B1003","10""276 SHOOT CAKE - XIONG BA TIAN XIA (STRAIGHT + V SHAPE) 10""276 -","","https://media.bmfireworks.com/bearboom/images/B1003_197.png","https://media.bmfireworks.com/bearboom/videos/B1003_197.mp4","1288","combo-set"
